
{
  "header": {
    "reportVersion": 1,
    "event": "Allocation failed - JavaScript heap out of memory",
    "trigger": "FatalError",
    "filename": "report.20210306.223332.26894.0.001.json",
    "dumpEventTime": "2021-03-06T22:33:32Z",
    "dumpEventTimeStamp": "1615066412202",
    "processId": 26894,
    "cwd": "/var/www/bz-dist",
    "commandLine": [
      "/usr/local/bin/node",
      "/var/www/bz-dist/server.js"
    ],
    "nodejsVersion": "v12.14.1",
    "glibcVersionRuntime": "2.17",
    "glibcVersionCompiler": "2.17",
    "wordSize": 64,
    "arch": "x64",
    "platform": "linux",
    "componentVersions": {
      "node": "12.14.1",
      "v8": "7.7.299.13-node.16",
      "uv": "1.33.1",
      "zlib": "1.2.11",
      "brotli": "1.0.7",
      "ares": "1.15.0",
      "modules": "72",
      "nghttp2": "1.40.0",
      "napi": "5",
      "llhttp": "2.0.1",
      "http_parser": "2.8.0",
      "openssl": "1.1.1d",
      "cldr": "35.1",
      "icu": "64.2",
      "tz": "2019c",
      "unicode": "12.1"
    },
    "release": {
      "name": "node",
      "lts": "Erbium",
      "headersUrl": "https://nodejs.org/download/release/v12.14.1/node-v12.14.1-headers.tar.gz",
      "sourceUrl": "https://nodejs.org/download/release/v12.14.1/node-v12.14.1.tar.gz"
    },
    "osName": "Linux",
    "osRelease": "3.10.0-1062.18.1.el7.x86_64",
    "osVersion": "#1 SMP Tue Mar 17 23:49:17 UTC 2020",
    "osMachine": "x86_64",
    "cpus": [
      {
        "model": "Intel Core Processor (Haswell, no TSX)",
        "speed": 2194,
        "user": 3249333100,
        "nice": 333700,
        "sys": 308723700,
        "idle": 225853177400,
        "irq": 0
      },
      {
        "model": "Intel Core Processor (Haswell, no TSX)",
        "speed": 2194,
        "user": 2236147900,
        "nice": 486000,
        "sys": 215914900,
        "idle": 227152066700,
        "irq": 0
      }
    ],
    "networkInterfaces": [
      {
        "name": "lo",
        "internal": true,
        "mac": "00:00:00:00:00:00",
        "address": "127.0.0.1",
        "netmask": "255.0.0.0",
        "family": "IPv4"
      },
      {
        "name": "eth0",
        "internal": false,
        "mac": "fa:16:3e:ed:f8:3d",
        "address": "51.89.119.166",
        "netmask": "255.255.255.255",
        "family": "IPv4"
      },
      {
        "name": "lo",
        "internal": true,
        "mac": "00:00:00:00:00:00",
        "address": "::1",
        "netmask": "ffff:ffff:ffff:ffff:ffff:ffff:ffff:ffff",
        "family": "IPv6",
        "scopeid": 0
      },
      {
        "name": "eth0",
        "internal": false,
        "mac": "fa:16:3e:ed:f8:3d",
        "address": "fe80::f816:3eff:feed:f83d",
        "netmask": "ffff:ffff:ffff:ffff::",
        "family": "IPv6",
        "scopeid": 2
      }
    ],
    "host": "db1de-2"
  },
  "javascriptStack": {
    "message": "No stack.",
    "stack": [
      "Unavailable."
    ]
  },
  "nativeStack": [
    {
      "pc": "0x0000000000b05ba5",
      "symbol": "report::TriggerNodeReport(v8::Isolate*, node::Environment*, char const*, char const*, std::string const&, v8::Local<v8::String>) [/usr/local/bin/node]"
    },
    {
      "pc": "0x00000000009dbd93",
      "symbol": "node::OnFatalError(char const*, char const*) [/usr/local/bin/node]"
    },
    {
      "pc": "0x0000000000b3b18e",
      "symbol": "v8::Utils::ReportOOMFailure(v8::internal::Isolate*, char const*, bool) [/usr/local/bin/node]"
    },
    {
      "pc": "0x0000000000b3b509",
      "symbol": "v8::internal::V8::FatalProcessOutOfMemory(v8::internal::Isolate*, char const*, bool) [/usr/local/bin/node]"
    },
    {
      "pc": "0x0000000000ce68a5",
      "symbol": " [/usr/local/bin/node]"
    },
    {
      "pc": "0x0000000000ce6f36",
      "symbol": "v8::internal::Heap::RecomputeLimits(v8::internal::GarbageCollector) [/usr/local/bin/node]"
    },
    {
      "pc": "0x0000000000cf2dca",
      "symbol": "v8::internal::Heap::PerformGarbageCollection(v8::internal::GarbageCollector, v8::GCCallbackFlags) [/usr/local/bin/node]"
    },
    {
      "pc": "0x0000000000cf3cd5",
      "symbol": "v8::internal::Heap::CollectGarbage(v8::internal::AllocationSpace, v8::internal::GarbageCollectionReason, v8::GCCallbackFlags) [/usr/local/bin/node]"
    },
    {
      "pc": "0x0000000000cf66e8",
      "symbol": "v8::internal::Heap::AllocateRawWithRetryOrFail(int, v8::internal::AllocationType, v8::internal::AllocationAlignment) [/usr/local/bin/node]"
    },
    {
      "pc": "0x0000000000cbd017",
      "symbol": "v8::internal::Factory::NewFillerObject(int, bool, v8::internal::AllocationType) [/usr/local/bin/node]"
    },
    {
      "pc": "0x0000000000ff307b",
      "symbol": "v8::internal::Runtime_AllocateInYoungGeneration(int, unsigned long*, v8::internal::Isolate*) [/usr/local/bin/node]"
    },
    {
      "pc": "0x0000000001376259",
      "symbol": " [/usr/local/bin/node]"
    }
  ],
  "javascriptHeap": {
    "totalMemory": 2151907328,
    "totalCommittedMemory": 2150559760,
    "usedMemory": 2124936720,
    "availableMemory": 66811976,
    "memoryLimit": 2197815296,
    "heapSpaces": {
      "read_only_space": {
        "memorySize": 262144,
        "committedMemory": 32568,
        "capacity": 261872,
        "used": 32296,
        "available": 229576
      },
      "new_space": {
        "memorySize": 2097152,
        "committedMemory": 1405064,
        "capacity": 1047488,
        "used": 420424,
        "available": 627064
      },
      "old_space": {
        "memorySize": 2134749184,
        "committedMemory": 2134462032,
        "capacity": 2129779872,
        "used": 2110779992,
        "available": 18999880
      },
      "code_space": {
        "memorySize": 1212416,
        "committedMemory": 1073920,
        "capacity": 982592,
        "used": 982592,
        "available": 0
      },
      "map_space": {
        "memorySize": 1576960,
        "committedMemory": 1576704,
        "capacity": 865200,
        "used": 865200,
        "available": 0
      },
      "large_object_space": {
        "memorySize": 11960320,
        "committedMemory": 11960320,
        "capacity": 11852664,
        "used": 11852664,
        "available": 0
      },
      "code_large_object_space": {
        "memorySize": 49152,
        "committedMemory": 49152,
        "capacity": 3552,
        "used": 3552,
        "available": 0
      },
      "new_large_object_space": {
        "memorySize": 0,
        "committedMemory": 0,
        "capacity": 1047488,
        "used": 0,
        "available": 1047488
      }
    }
  },
  "resourceUsage": {
    "userCpuSeconds": 1000.74,
    "kernelCpuSeconds": 55.8372,
    "cpuConsumptionPercent": 53.4974,
    "maxRss": 2317553664,
    "pageFaults": {
      "IORequired": 0,
      "IONotRequired": 7876634
    },
    "fsActivity": {
      "reads": 0,
      "writes": 10904
    }
  },
  "uvthreadResourceUsage": {
    "userCpuSeconds": 720.926,
    "kernelCpuSeconds": 21.2247,
    "cpuConsumptionPercent": 37.5773,
    "fsActivity": {
      "reads": 0,
      "writes": 0
    }
  },
  "libuv": [
  ],
  "environmentVariables": {
    "NODE_ENV": "production-de",
    "XDG_SESSION_ID": "6728",
    "SELINUX_ROLE_REQUESTED": "",
    "SHELL": "/bin/bash",
    "SSH_CLIENT": "168.91.59.240 49229 22",
    "SELINUX_USE_CURRENT_RANGE": "",
    "USER": "centos",
    "PATH": "/usr/local/bin:/usr/bin",
    "MAIL": "/var/mail/centos",
    "_": "/usr/bin/python",
    "PWD": "/home/centos",
    "LANG": "en_US.UTF-8",
    "SELINUX_LEVEL_REQUESTED": "",
    "HOME": "/home/centos",
    "SHLVL": "2",
    "LOGNAME": "centos",
    "SSH_CONNECTION": "168.91.59.240 49229 51.89.119.166 22",
    "LESSOPEN": "||/usr/bin/lesspipe.sh %s",
    "XDG_RUNTIME_DIR": "/run/user/1000"
  },
  "userLimits": {
    "core_file_size_blocks": {
      "soft": 0,
      "hard": "unlimited"
    },
    "data_seg_size_kbytes": {
      "soft": "unlimited",
      "hard": "unlimited"
    },
    "file_size_blocks": {
      "soft": "unlimited",
      "hard": "unlimited"
    },
    "max_locked_memory_bytes": {
      "soft": 65536,
      "hard": 65536
    },
    "max_memory_size_kbytes": {
      "soft": "unlimited",
      "hard": "unlimited"
    },
    "open_files": {
      "soft": 4096,
      "hard": 4096
    },
    "stack_size_bytes": {
      "soft": 8388608,
      "hard": "unlimited"
    },
    "cpu_time_seconds": {
      "soft": "unlimited",
      "hard": "unlimited"
    },
    "max_user_processes": {
      "soft": 4096,
      "hard": 26507
    },
    "virtual_memory_kbytes": {
      "soft": "unlimited",
      "hard": "unlimited"
    }
  },
  "sharedObjects": [
    "/lib64/libdl.so.2",
    "/lib64/libstdc++.so.6",
    "/lib64/libm.so.6",
    "/lib64/libgcc_s.so.1",
    "/lib64/libpthread.so.0",
    "/lib64/libc.so.6",
    "/lib64/ld-linux-x86-64.so.2",
    "/lib64/libnss_files.so.2",
    "/lib64/libnss_dns.so.2",
    "/lib64/libresolv.so.2"
  ]
}