
{
  "header": {
    "reportVersion": 1,
    "event": "Allocation failed - JavaScript heap out of memory",
    "trigger": "FatalError",
    "filename": "report.20210224.102121.20382.0.001.json",
    "dumpEventTime": "2021-02-24T10:21:21Z",
    "dumpEventTimeStamp": "1614158481635",
    "processId": 20382,
    "cwd": "/var/www/bz-dist",
    "commandLine": [
      "/usr/local/bin/node",
      "/var/www/bz-dist/server.js"
    ],
    "nodejsVersion": "v12.14.1",
    "glibcVersionRuntime": "2.17",
    "glibcVersionCompiler": "2.17",
    "wordSize": 64,
    "arch": "x64",
    "platform": "linux",
    "componentVersions": {
      "node": "12.14.1",
      "v8": "7.7.299.13-node.16",
      "uv": "1.33.1",
      "zlib": "1.2.11",
      "brotli": "1.0.7",
      "ares": "1.15.0",
      "modules": "72",
      "nghttp2": "1.40.0",
      "napi": "5",
      "llhttp": "2.0.1",
      "http_parser": "2.8.0",
      "openssl": "1.1.1d",
      "cldr": "35.1",
      "icu": "64.2",
      "tz": "2019c",
      "unicode": "12.1"
    },
    "release": {
      "name": "node",
      "lts": "Erbium",
      "headersUrl": "https://nodejs.org/download/release/v12.14.1/node-v12.14.1-headers.tar.gz",
      "sourceUrl": "https://nodejs.org/download/release/v12.14.1/node-v12.14.1.tar.gz"
    },
    "osName": "Linux",
    "osRelease": "3.10.0-1062.18.1.el7.x86_64",
    "osVersion": "#1 SMP Tue Mar 17 23:49:17 UTC 2020",
    "osMachine": "x86_64",
    "cpus": [
      {
        "model": "Intel Core Processor (Haswell, no TSX)",
        "speed": 2194,
        "user": 2543084400,
        "nice": 322400,
        "sys": 264089300,
        "idle": 217558992800,
        "irq": 0
      },
      {
        "model": "Intel Core Processor (Haswell, no TSX)",
        "speed": 2194,
        "user": 1703419200,
        "nice": 473000,
        "sys": 178206700,
        "idle": 218659658300,
        "irq": 0
      }
    ],
    "networkInterfaces": [
      {
        "name": "lo",
        "internal": true,
        "mac": "00:00:00:00:00:00",
        "address": "127.0.0.1",
        "netmask": "255.0.0.0",
        "family": "IPv4"
      },
      {
        "name": "eth0",
        "internal": false,
        "mac": "fa:16:3e:ed:f8:3d",
        "address": "51.89.119.166",
        "netmask": "255.255.255.255",
        "family": "IPv4"
      },
      {
        "name": "lo",
        "internal": true,
        "mac": "00:00:00:00:00:00",
        "address": "::1",
        "netmask": "ffff:ffff:ffff:ffff:ffff:ffff:ffff:ffff",
        "family": "IPv6",
        "scopeid": 0
      },
      {
        "name": "eth0",
        "internal": false,
        "mac": "fa:16:3e:ed:f8:3d",
        "address": "fe80::f816:3eff:feed:f83d",
        "netmask": "ffff:ffff:ffff:ffff::",
        "family": "IPv6",
        "scopeid": 2
      }
    ],
    "host": "db1de-2"
  },
  "javascriptStack": {
    "message": "No stack.",
    "stack": [
      "Unavailable."
    ]
  },
  "nativeStack": [
    {
      "pc": "0x0000000000b05ba5",
      "symbol": "report::TriggerNodeReport(v8::Isolate*, node::Environment*, char const*, char const*, std::string const&, v8::Local<v8::String>) [/usr/local/bin/node]"
    },
    {
      "pc": "0x00000000009dbd93",
      "symbol": "node::OnFatalError(char const*, char const*) [/usr/local/bin/node]"
    },
    {
      "pc": "0x0000000000b3b18e",
      "symbol": "v8::Utils::ReportOOMFailure(v8::internal::Isolate*, char const*, bool) [/usr/local/bin/node]"
    },
    {
      "pc": "0x0000000000b3b509",
      "symbol": "v8::internal::V8::FatalProcessOutOfMemory(v8::internal::Isolate*, char const*, bool) [/usr/local/bin/node]"
    },
    {
      "pc": "0x0000000000ce68a5",
      "symbol": " [/usr/local/bin/node]"
    },
    {
      "pc": "0x0000000000ce6f36",
      "symbol": "v8::internal::Heap::RecomputeLimits(v8::internal::GarbageCollector) [/usr/local/bin/node]"
    },
    {
      "pc": "0x0000000000cf2dca",
      "symbol": "v8::internal::Heap::PerformGarbageCollection(v8::internal::GarbageCollector, v8::GCCallbackFlags) [/usr/local/bin/node]"
    },
    {
      "pc": "0x0000000000cf3cd5",
      "symbol": "v8::internal::Heap::CollectGarbage(v8::internal::AllocationSpace, v8::internal::GarbageCollectionReason, v8::GCCallbackFlags) [/usr/local/bin/node]"
    },
    {
      "pc": "0x0000000000cf66e8",
      "symbol": "v8::internal::Heap::AllocateRawWithRetryOrFail(int, v8::internal::AllocationType, v8::internal::AllocationAlignment) [/usr/local/bin/node]"
    },
    {
      "pc": "0x0000000000cbd017",
      "symbol": "v8::internal::Factory::NewFillerObject(int, bool, v8::internal::AllocationType) [/usr/local/bin/node]"
    },
    {
      "pc": "0x0000000000ff307b",
      "symbol": "v8::internal::Runtime_AllocateInYoungGeneration(int, unsigned long*, v8::internal::Isolate*) [/usr/local/bin/node]"
    },
    {
      "pc": "0x0000000001376259",
      "symbol": " [/usr/local/bin/node]"
    }
  ],
  "javascriptHeap": {
    "totalMemory": 2151329792,
    "totalCommittedMemory": 2150041888,
    "usedMemory": 2126433888,
    "availableMemory": 61849800,
    "memoryLimit": 2197815296,
    "heapSpaces": {
      "read_only_space": {
        "memorySize": 262144,
        "committedMemory": 32568,
        "capacity": 261872,
        "used": 32296,
        "available": 229576
      },
      "new_space": {
        "memorySize": 2097152,
        "committedMemory": 1204360,
        "capacity": 1047488,
        "used": 154792,
        "available": 892696
      },
      "old_space": {
        "memorySize": 2133700608,
        "committedMemory": 2133580512,
        "capacity": 2125388424,
        "used": 2112193888,
        "available": 13194536
      },
      "code_space": {
        "memorySize": 1474560,
        "committedMemory": 1429376,
        "capacity": 1138752,
        "used": 1138752,
        "available": 0
      },
      "map_space": {
        "memorySize": 1576960,
        "committedMemory": 1576704,
        "capacity": 865200,
        "used": 865200,
        "available": 0
      },
      "large_object_space": {
        "memorySize": 12169216,
        "committedMemory": 12169216,
        "capacity": 12045408,
        "used": 12045408,
        "available": 0
      },
      "code_large_object_space": {
        "memorySize": 49152,
        "committedMemory": 49152,
        "capacity": 3552,
        "used": 3552,
        "available": 0
      },
      "new_large_object_space": {
        "memorySize": 0,
        "committedMemory": 0,
        "capacity": 1047488,
        "used": 0,
        "available": 1047488
      }
    }
  },
  "resourceUsage": {
    "userCpuSeconds": 6224.64,
    "kernelCpuSeconds": 426.679,
    "cpuConsumptionPercent": 10.1015,
    "maxRss": 2324107264,
    "pageFaults": {
      "IORequired": 0,
      "IONotRequired": 55558257
    },
    "fsActivity": {
      "reads": 0,
      "writes": 151584
    }
  },
  "uvthreadResourceUsage": {
    "userCpuSeconds": 4641.08,
    "kernelCpuSeconds": 170.201,
    "cpuConsumptionPercent": 7.30698,
    "fsActivity": {
      "reads": 0,
      "writes": 0
    }
  },
  "libuv": [
  ],
  "environmentVariables": {
    "NODE_ENV": "production-de",
    "XDG_SESSION_ID": "6403",
    "SELINUX_ROLE_REQUESTED": "",
    "SHELL": "/bin/bash",
    "TERM": "xterm-256color",
    "SSH_CLIENT": "216.246.242.27 58185 22",
    "SELINUX_USE_CURRENT_RANGE": "",
    "SSH_TTY": "/dev/pts/0",
    "USER": "centos",
    "LS_COLORS": "rs=0:di=38;5;27:ln=38;5;51:mh=44;38;5;15:pi=40;38;5;11:so=38;5;13:do=38;5;5:bd=48;5;232;38;5;11:cd=48;5;232;38;5;3:or=48;5;232;38;5;9:mi=05;48;5;232;38;5;15:su=48;5;196;38;5;15:sg=48;5;11;38;5;16:ca=48;5;196;38;5;226:tw=48;5;10;38;5;16:ow=48;5;10;38;5;21:st=48;5;21;38;5;15:ex=38;5;34:*.tar=38;5;9:*.tgz=38;5;9:*.arc=38;5;9:*.arj=38;5;9:*.taz=38;5;9:*.lha=38;5;9:*.lz4=38;5;9:*.lzh=38;5;9:*.lzma=38;5;9:*.tlz=38;5;9:*.txz=38;5;9:*.tzo=38;5;9:*.t7z=38;5;9:*.zip=38;5;9:*.z=38;5;9:*.Z=38;5;9:*.dz=38;5;9:*.gz=38;5;9:*.lrz=38;5;9:*.lz=38;5;9:*.lzo=38;5;9:*.xz=38;5;9:*.bz2=38;5;9:*.bz=38;5;9:*.tbz=38;5;9:*.tbz2=38;5;9:*.tz=38;5;9:*.deb=38;5;9:*.rpm=38;5;9:*.jar=38;5;9:*.war=38;5;9:*.ear=38;5;9:*.sar=38;5;9:*.rar=38;5;9:*.alz=38;5;9:*.ace=38;5;9:*.zoo=38;5;9:*.cpio=38;5;9:*.7z=38;5;9:*.rz=38;5;9:*.cab=38;5;9:*.jpg=38;5;13:*.jpeg=38;5;13:*.gif=38;5;13:*.bmp=38;5;13:*.pbm=38;5;13:*.pgm=38;5;13:*.ppm=38;5;13:*.tga=38;5;13:*.xbm=38;5;13:*.xpm=38;5;13:*.tif=38;5;13:*.tiff=38;5;13:*.png=38;5;13:*.svg=38;5;13:*.svgz=38;5;13:*.mng=38;5;13:*.pcx=38;5;13:*.mov=38;5;13:*.mpg=38;5;13:*.mpeg=38;5;13:*.m2v=38;5;13:*.mkv=38;5;13:*.webm=38;5;13:*.ogm=38;5;13:*.mp4=38;5;13:*.m4v=38;5;13:*.mp4v=38;5;13:*.vob=38;5;13:*.qt=38;5;13:*.nuv=38;5;13:*.wmv=38;5;13:*.asf=38;5;13:*.rm=38;5;13:*.rmvb=38;5;13:*.flc=38;5;13:*.avi=38;5;13:*.fli=38;5;13:*.flv=38;5;13:*.gl=38;5;13:*.dl=38;5;13:*.xcf=38;5;13:*.xwd=38;5;13:*.yuv=38;5;13:*.cgm=38;5;13:*.emf=38;5;13:*.axv=38;5;13:*.anx=38;5;13:*.ogv=38;5;13:*.ogx=38;5;13:*.aac=38;5;45:*.au=38;5;45:*.flac=38;5;45:*.mid=38;5;45:*.midi=38;5;45:*.mka=38;5;45:*.mp3=38;5;45:*.mpc=38;5;45:*.ogg=38;5;45:*.ra=38;5;45:*.wav=38;5;45:*.axa=38;5;45:*.oga=38;5;45:*.spx=38;5;45:*.xspf=38;5;45:",
    "PATH": "/usr/local/bin:/usr/bin",
    "MAIL": "/var/mail/centos",
    "_": "/usr/bin/python",
    "PWD": "/home/centos",
    "LANG": "en_CA.UTF-8",
    "SELINUX_LEVEL_REQUESTED": "",
    "HOME": "/home/centos",
    "SHLVL": "2",
    "LOGNAME": "centos",
    "SSH_CONNECTION": "216.246.242.27 58185 51.89.119.166 22",
    "LESSOPEN": "||/usr/bin/lesspipe.sh %s",
    "XDG_RUNTIME_DIR": "/run/user/1000"
  },
  "userLimits": {
    "core_file_size_blocks": {
      "soft": 0,
      "hard": "unlimited"
    },
    "data_seg_size_kbytes": {
      "soft": "unlimited",
      "hard": "unlimited"
    },
    "file_size_blocks": {
      "soft": "unlimited",
      "hard": "unlimited"
    },
    "max_locked_memory_bytes": {
      "soft": 65536,
      "hard": 65536
    },
    "max_memory_size_kbytes": {
      "soft": "unlimited",
      "hard": "unlimited"
    },
    "open_files": {
      "soft": 4096,
      "hard": 4096
    },
    "stack_size_bytes": {
      "soft": 8388608,
      "hard": "unlimited"
    },
    "cpu_time_seconds": {
      "soft": "unlimited",
      "hard": "unlimited"
    },
    "max_user_processes": {
      "soft": 4096,
      "hard": 26507
    },
    "virtual_memory_kbytes": {
      "soft": "unlimited",
      "hard": "unlimited"
    }
  },
  "sharedObjects": [
    "/lib64/libdl.so.2",
    "/lib64/libstdc++.so.6",
    "/lib64/libm.so.6",
    "/lib64/libgcc_s.so.1",
    "/lib64/libpthread.so.0",
    "/lib64/libc.so.6",
    "/lib64/ld-linux-x86-64.so.2",
    "/lib64/libnss_files.so.2",
    "/lib64/libnss_dns.so.2",
    "/lib64/libresolv.so.2"
  ]
}